{
  "train_acc": [
    0.9780859375,
    0.9871484375,
    0.9892578125,
    0.9940234375,
    0.995703125,
    0.9965234375,
    0.99609375,
    0.9980859375
  ],
  "val_acc": [
    0.974,
    0.9795,
    0.982,
    0.9848333333333333,
    0.9871666666666666,
    0.9861666666666666,
    0.9871666666666666,
    0.9876666666666667
  ]
}