{
  "train_acc": [
    0.9510546875,
    0.9695703125,
    0.9788671875,
    0.9846875,
    0.9875,
    0.990859375,
    0.993203125,
    0.99453125,
    0.9951953125,
    0.995234375
  ],
  "val_acc": [
    0.9446666666666667,
    0.9593333333333334,
    0.9676666666666667,
    0.972,
    0.9768333333333333,
    0.9781666666666666,
    0.9803333333333333,
    0.9765,
    0.9768333333333333,
    0.9805
  ]
}